Ensemble Size,Final Mean,Final Std,Percentage Improvement
1,0.24719101123595505,0.1348314606741573,0.0
2,0.2303370786516854,0.011235955056179775,6.818181818181812
3,0.1657303370786517,0.08707865168539326,32.954545454545446
