Ensemble Size,Final Mean,Final Std,Percentage Improvement
1,0.02247191011235955,0.0,0.0
2,0.03089887640449438,0.008426966292134831,-37.5
3,0.02247191011235955,0.0056179775280898875,0.0
