Ensemble Size,Final Mean,Final Std,Percentage Improvement
1,10.954090150250417,2.6229827490261552,0.0
2,2.3160823594880355,0.06844741235392315,78.85646066702228
3,11.088759042849194,0.3030050083472462,-1.2293936853869882
