Ensemble Size,Final Mean,Final Std,Percentage Improvement
1,0.05056179775280899,0.011235955056179775,0.0
2,0.0449438202247191,0.02247191011235955,11.11111111111111
3,0.056179775280898875,0.0056179775280898875,-11.11111111111111
