Ensemble Size,Final Mean,Final Std
1,0.014044943820224719,0.0028089887640449437
2,0.016853932584269662,0.0
3,0.014044943820224719,0.0028089887640449437
